Seasonality;access;EIR;prev_allInf_210_baseline_yearly;prev_210_cat;seed
seas3mo;0.04;0.035;0.315525816;(0.3,0.4];1
seas3mo;0.04;0.035;0.25135332;(0.2,0.3];2
seas3mo;0.04;0.035;0.234550874;(0.2,0.3];4
seas3mo;0.04;0.035;0.258264725;(0.2,0.3];5
seas3mo;0.04;0.035;0.261770253;(0.2,0.3];6
seas3mo;0.04;0.035;0.224543782;(0.2,0.3];7
seas3mo;0.04;0.035;0;NA;8
seas3mo;0.04;0.035;0.375399529;(0.3,0.4];9
seas3mo;0.04;0.035;0.171199324;(0.1,0.2];10
seas4mo;0.04;0.035;0.187315068;(0.1,0.2];1
seas4mo;0.04;0.035;0.185300921;(0.1,0.2];2
seas4mo;0.04;0.035;0.258074303;(0.2,0.3];3
seas4mo;0.04;0.035;0.070870921;(0,0.1];4
seas4mo;0.04;0.035;0.117737498;(0.1,0.2];5
seas4mo;0.04;0.035;0.19289822;(0.1,0.2];6
seas4mo;0.04;0.035;0.366652733;(0.3,0.4];7
seas4mo;0.04;0.035;0.230102855;(0.2,0.3];8
seas4mo;0.04;0.035;0.27554935;(0.2,0.3];9
seas4mo;0.04;0.035;0.153640995;(0.1,0.2];10
seas3mo;0.0972;0.035;0.282520242;(0.2,0.3];1
seas3mo;0.0972;0.035;0.290784882;(0.2,0.3];2
seas3mo;0.0972;0.035;0;NA;3
seas3mo;0.0972;0.035;0.299582528;(0.2,0.3];5
seas3mo;0.0972;0.035;0.285553784;(0.2,0.3];6
seas3mo;0.0972;0.035;0.210898271;(0.2,0.3];8
seas3mo;0.0972;0.035;0.347532139;(0.3,0.4];9
seas4mo;0.0972;0.035;0.166353746;(0.1,0.2];1
seas4mo;0.0972;0.035;0.313167211;(0.3,0.4];2
seas4mo;0.0972;0.035;0.176611176;(0.1,0.2];3
seas4mo;0.0972;0.035;0.240109153;(0.2,0.3];4
seas4mo;0.0972;0.035;0.301026179;(0.2,0.3];5
seas4mo;0.0972;0.035;0.252869432;(0.2,0.3];6
seas4mo;0.0972;0.035;0.139543969;(0.1,0.2];7
seas4mo;0.0972;0.035;0.143412324;(0.1,0.2];8
seas4mo;0.0972;0.035;0.30001152;(0.2,0.3];9
seas4mo;0.0972;0.035;0.276791122;(0.2,0.3];10
seas3mo;0.2412;0.035;0;NA;4
seas3mo;0.2412;0.035;0;NA;5
seas3mo;0.2412;0.035;0.292638577;(0.2,0.3];7
seas3mo;0.2412;0.035;0;NA;8
seas3mo;0.2412;0.035;0;NA;10
seas4mo;0.2412;0.035;0.210398793;(0.2,0.3];1
seas4mo;0.2412;0.035;0.234013758;(0.2,0.3];2
seas4mo;0.2412;0.035;0.205527283;(0.2,0.3];3
seas4mo;0.2412;0.035;0.156287179;(0.1,0.2];4
seas4mo;0.2412;0.035;0.380860986;(0.3,0.4];5
seas4mo;0.2412;0.035;0;NA;6
seas4mo;0.2412;0.035;0.21577794;(0.2,0.3];7
seas4mo;0.2412;0.035;0;NA;8
seas4mo;0.2412;0.035;0.355621789;(0.3,0.4];9
seas4mo;0.2412;0.035;0;NA;10
seas3mo;0.04;0.05;0.183835122;(0.1,0.2];1
seas3mo;0.04;0.05;0.285043389;(0.2,0.3];2
seas3mo;0.04;0.05;0.24974865;(0.2,0.3];3
seas3mo;0.04;0.05;0.151790771;(0.1,0.2];4
seas3mo;0.04;0.05;0.159895606;(0.1,0.2];5
seas3mo;0.04;0.05;0.166495294;(0.1,0.2];6
seas3mo;0.04;0.05;0.204910374;(0.1,0.2];7
seas3mo;0.04;0.05;0.137288783;(0.1,0.2];8
seas3mo;0.04;0.05;0.215876612;(0.2,0.3];9
seas3mo;0.04;0.05;0.156812843;(0.1,0.2];10
seas4mo;0.04;0.05;0.262552098;(0.2,0.3];1
seas4mo;0.04;0.05;0.268166835;(0.2,0.3];2
seas4mo;0.04;0.05;0.125493689;(0.1,0.2];3
seas4mo;0.04;0.05;0.240375507;(0.2,0.3];4
seas4mo;0.04;0.05;0.213848698;(0.2,0.3];5
seas4mo;0.04;0.05;0.160126732;(0.1,0.2];6
seas4mo;0.04;0.05;0.343002112;(0.3,0.4];7
seas4mo;0.04;0.05;0.206323064;(0.2,0.3];8
seas4mo;0.04;0.05;0.207981616;(0.2,0.3];9
seas4mo;0.04;0.05;0.191827801;(0.1,0.2];10
seas5mo;0.04;0.05;0.065534096;(0,0.1];1
seas5mo;0.04;0.05;0.09861654;(0,0.1];2
seas5mo;0.04;0.05;0.050619068;(0,0.1];3
seas5mo;0.04;0.05;0.096330891;(0,0.1];4
seas5mo;0.04;0.05;0.069970644;(0,0.1];5
seas5mo;0.04;0.05;0.11542351;(0.1,0.2];6
seas5mo;0.04;0.05;0.150733369;(0.1,0.2];7
seas5mo;0.04;0.05;0.064426471;(0,0.1];8
seas5mo;0.04;0.05;0.137331637;(0.1,0.2];9
seas5mo;0.04;0.05;1.99E-05;NA;10
seas3mo;0.0972;0.05;0.174430061;(0.1,0.2];1
seas3mo;0.0972;0.05;0.116688663;(0.1,0.2];2
seas3mo;0.0972;0.05;0.301930419;(0.2,0.3];3
seas3mo;0.0972;0.05;0.157390589;(0.1,0.2];4
seas3mo;0.0972;0.05;0.192913494;(0.1,0.2];5
seas3mo;0.0972;0.05;0.177238727;(0.1,0.2];7
seas3mo;0.0972;0.05;0.208706224;(0.2,0.3];8
seas3mo;0.0972;0.05;0.291287056;(0.2,0.3];9
seas3mo;0.0972;0.05;0.185593161;(0.1,0.2];10
seas4mo;0.0972;0.05;0.202665583;(0.1,0.2];1
seas4mo;0.0972;0.05;0.024029729;(0,0.1];2
seas4mo;0.0972;0.05;0.248155969;(0.2,0.3];3
seas4mo;0.0972;0.05;0.26949383;(0.2,0.3];4
seas4mo;0.0972;0.05;0.23693465;(0.2,0.3];5
seas4mo;0.0972;0.05;0.219067759;(0.2,0.3];6
seas4mo;0.0972;0.05;0.292600166;(0.2,0.3];7
seas4mo;0.0972;0.05;0.148321075;(0.1,0.2];8
seas4mo;0.0972;0.05;0.247146997;(0.2,0.3];9
seas4mo;0.0972;0.05;0.225117757;(0.2,0.3];10
seas3mo;0.2412;0.05;0.217164143;(0.2,0.3];1
seas3mo;0.2412;0.05;0.239525621;(0.2,0.3];2
seas3mo;0.2412;0.05;0.276925359;(0.2,0.3];3
seas3mo;0.2412;0.05;0.278218279;(0.2,0.3];4
seas3mo;0.2412;0.05;0.204983469;(0.1,0.2];5
seas3mo;0.2412;0.05;0.257514737;(0.2,0.3];6
seas3mo;0.2412;0.05;0.274995745;(0.2,0.3];7
seas3mo;0.2412;0.05;0.26689757;(0.2,0.3];9
seas3mo;0.2412;0.05;0.259016858;(0.2,0.3];10
seas4mo;0.2412;0.05;0.163436517;(0.1,0.2];1
seas4mo;0.2412;0.05;0.247606335;(0.2,0.3];2
seas4mo;0.2412;0.05;0.21889363;(0.2,0.3];3
seas4mo;0.2412;0.05;0.217335711;(0.2,0.3];4
seas4mo;0.2412;0.05;0.290238741;(0.2,0.3];5
seas4mo;0.2412;0.05;0.292931853;(0.2,0.3];6
seas4mo;0.2412;0.05;0.283620475;(0.2,0.3];7
seas4mo;0.2412;0.05;0;NA;8
seas4mo;0.2412;0.05;0.277030008;(0.2,0.3];9
seas4mo;0.2412;0.05;0.276874604;(0.2,0.3];10
seas3mo;0.04;0.075;0.17384058;(0.1,0.2];1
seas3mo;0.04;0.075;0.248006862;(0.2,0.3];2
seas3mo;0.04;0.075;0.211859515;(0.2,0.3];3
seas3mo;0.04;0.075;0.261488844;(0.2,0.3];4
seas3mo;0.04;0.075;0.236920007;(0.2,0.3];5
seas3mo;0.04;0.075;0.266646136;(0.2,0.3];6
seas3mo;0.04;0.075;0.285123827;(0.2,0.3];7
seas3mo;0.04;0.075;0.274327384;(0.2,0.3];8
seas3mo;0.04;0.075;0.233052191;(0.2,0.3];9
seas3mo;0.04;0.075;0.147005686;(0.1,0.2];10
seas4mo;0.04;0.075;0.239363624;(0.2,0.3];1
seas4mo;0.04;0.075;0.248233986;(0.2,0.3];2
seas4mo;0.04;0.075;0.226759816;(0.2,0.3];3
seas4mo;0.04;0.075;0.195076082;(0.1,0.2];4
seas4mo;0.04;0.075;0.249971165;(0.2,0.3];5
seas4mo;0.04;0.075;0.135043291;(0.1,0.2];6
seas4mo;0.04;0.075;0.173753128;(0.1,0.2];7
seas4mo;0.04;0.075;0.167034847;(0.1,0.2];8
seas4mo;0.04;0.075;0.223246589;(0.2,0.3];9
seas4mo;0.04;0.075;0.249094125;(0.2,0.3];10
seas3mo;0.0972;0.075;0.248212604;(0.2,0.3];1
seas3mo;0.0972;0.075;0.183726889;(0.1,0.2];2
seas3mo;0.0972;0.075;0.263834877;(0.2,0.3];3
seas3mo;0.0972;0.075;0.300875501;(0.2,0.3];4
seas3mo;0.0972;0.075;0.225119468;(0.2,0.3];5
seas3mo;0.0972;0.075;0.265813129;(0.2,0.3];6
seas3mo;0.0972;0.075;0.239914293;(0.2,0.3];7
seas3mo;0.0972;0.075;0.166749641;(0.1,0.2];8
seas3mo;0.0972;0.075;0.282272578;(0.2,0.3];9
seas3mo;0.0972;0.075;0.261264081;(0.2,0.3];10
seas4mo;0.0972;0.075;0.217217378;(0.2,0.3];1
seas4mo;0.0972;0.075;0.328129429;(0.3,0.4];2
seas4mo;0.0972;0.075;0.255484844;(0.2,0.3];3
seas4mo;0.0972;0.075;0.136096899;(0.1,0.2];4
seas4mo;0.0972;0.075;0.233985286;(0.2,0.3];5
seas4mo;0.0972;0.075;0.236766634;(0.2,0.3];6
seas4mo;0.0972;0.075;0.273240125;(0.2,0.3];7
seas4mo;0.0972;0.075;0.229921043;(0.2,0.3];8
seas4mo;0.0972;0.075;0.296989352;(0.2,0.3];9
seas4mo;0.0972;0.075;0.178396919;(0.1,0.2];10
seas3mo;0.2412;0.075;0.226218299;(0.2,0.3];1
seas3mo;0.2412;0.075;0;NA;4
seas3mo;0.2412;0.075;0.03582207;(0,0.1];5
seas3mo;0.2412;0.075;0.222655791;(0.2,0.3];7
seas3mo;0.2412;0.075;0.124996937;(0.1,0.2];8
seas3mo;0.2412;0.075;0.280595325;(0.2,0.3];9
seas3mo;0.2412;0.075;0.198066009;(0.1,0.2];10
seas4mo;0.2412;0.075;0;NA;1
seas4mo;0.2412;0.075;0.195095613;(0.1,0.2];2
seas4mo;0.2412;0.075;0.197136978;(0.1,0.2];3
seas4mo;0.2412;0.075;0.23485425;(0.2,0.3];4
seas4mo;0.2412;0.075;0.202237767;(0.1,0.2];5
seas4mo;0.2412;0.075;0.132093079;(0.1,0.2];6
seas4mo;0.2412;0.075;0.315485355;(0.3,0.4];7
seas4mo;0.2412;0.075;0.132075244;(0.1,0.2];8
seas4mo;0.2412;0.075;0.173044446;(0.1,0.2];9
seas4mo;0.2412;0.075;0;NA;10
seas5mo;0.0972;0.09;0.000287071;NA;1
seas5mo;0.0972;0.09;0.072112018;(0,0.1];2
seas5mo;0.0972;0.09;0;NA;3
seas5mo;0.0972;0.09;0.003457142;NA;4
seas5mo;0.0972;0.09;0.039996663;(0,0.1];5
seas5mo;0.0972;0.09;0.075202682;(0,0.1];6
seas5mo;0.0972;0.09;0.119866858;(0.1,0.2];7
seas5mo;0.0972;0.09;0.110216096;(0.1,0.2];8
seas5mo;0.0972;0.09;0.146551721;(0.1,0.2];9
seas5mo;0.0972;0.09;0.003496225;NA;10
seas3mo;0.04;0.1;0.213618111;(0.2,0.3];1
seas3mo;0.04;0.1;0.147559621;(0.1,0.2];2
seas3mo;0.04;0.1;0.285099851;(0.2,0.3];3
seas3mo;0.04;0.1;0.19694484;(0.1,0.2];4
seas3mo;0.04;0.1;0.268187566;(0.2,0.3];5
seas3mo;0.04;0.1;0.281738486;(0.2,0.3];6
seas3mo;0.04;0.1;0.303109864;(0.2,0.3];7
seas3mo;0.04;0.1;0.219375502;(0.2,0.3];8
seas3mo;0.04;0.1;0.301394277;(0.2,0.3];9
seas3mo;0.04;0.1;0.239620336;(0.2,0.3];10
seas4mo;0.04;0.1;0.24401228;(0.2,0.3];1
seas4mo;0.04;0.1;0.271776571;(0.2,0.3];2
seas4mo;0.04;0.1;0.246483732;(0.2,0.3];3
seas4mo;0.04;0.1;0.202008262;(0.1,0.2];4
seas4mo;0.04;0.1;0.2354286;(0.2,0.3];5
seas4mo;0.04;0.1;0.246502748;(0.2,0.3];6
seas4mo;0.04;0.1;0.202973072;(0.1,0.2];7
seas4mo;0.04;0.1;0.144697258;(0.1,0.2];8
seas4mo;0.04;0.1;0.291315707;(0.2,0.3];9
seas4mo;0.04;0.1;0.131242717;(0.1,0.2];10
seas3mo;0.0972;0.1;0.275830428;(0.2,0.3];1
seas3mo;0.0972;0.1;0.225343643;(0.2,0.3];2
seas3mo;0.0972;0.1;0.102817241;(0,0.1];3
seas3mo;0.0972;0.1;0.263158881;(0.2,0.3];4
seas3mo;0.0972;0.1;0.151464365;(0.1,0.2];5
seas3mo;0.0972;0.1;0.13531635;(0.1,0.2];7
seas3mo;0.0972;0.1;0.242827366;(0.2,0.3];8
seas3mo;0.0972;0.1;0.299194864;(0.2,0.3];9
seas3mo;0.0972;0.1;0.239607503;(0.2,0.3];10
seas4mo;0.0972;0.1;0.23134286;(0.2,0.3];1
seas4mo;0.0972;0.1;0.179328122;(0.1,0.2];2
seas4mo;0.0972;0.1;0.237136044;(0.2,0.3];3
seas4mo;0.0972;0.1;0.239582918;(0.2,0.3];4
seas4mo;0.0972;0.1;0.204023345;(0.1,0.2];5
seas4mo;0.0972;0.1;0.18819238;(0.1,0.2];6
seas4mo;0.0972;0.1;0.235571679;(0.2,0.3];7
seas4mo;0.0972;0.1;0.182259431;(0.1,0.2];8
seas4mo;0.0972;0.1;0.258681784;(0.2,0.3];9
seas4mo;0.0972;0.1;0.079482482;(0,0.1];10
seas3mo;0.2412;0.1;0.202080853;(0.1,0.2];1
seas3mo;0.2412;0.1;0.148077052;(0.1,0.2];2
seas3mo;0.2412;0.1;0.227813784;(0.2,0.3];3
seas3mo;0.2412;0.1;0.165282264;(0.1,0.2];4
seas3mo;0.2412;0.1;0.240264008;(0.2,0.3];5
seas3mo;0.2412;0.1;0.26552235;(0.2,0.3];6
seas3mo;0.2412;0.1;0.256974713;(0.2,0.3];7
seas3mo;0.2412;0.1;0.212403492;(0.2,0.3];8
seas3mo;0.2412;0.1;0.255940014;(0.2,0.3];9
seas3mo;0.2412;0.1;0.204911437;(0.1,0.2];10
seas4mo;0.2412;0.1;0.153388951;(0.1,0.2];1
seas4mo;0.2412;0.1;0.165720167;(0.1,0.2];2
seas4mo;0.2412;0.1;0;NA;3
seas4mo;0.2412;0.1;0.218863972;(0.2,0.3];4
seas4mo;0.2412;0.1;0.221385326;(0.2,0.3];5
seas4mo;0.2412;0.1;0.129395891;(0.1,0.2];6
seas4mo;0.2412;0.1;0.259835846;(0.2,0.3];7
seas4mo;0.2412;0.1;0.160522212;(0.1,0.2];8
seas4mo;0.2412;0.1;0.209568912;(0.2,0.3];9
seas4mo;0.2412;0.1;0.193783439;(0.1,0.2];10
seas6mo;0.04;0.15;0.092622467;(0,0.1];1
seas6mo;0.04;0.15;0.039584533;(0,0.1];2
seas6mo;0.04;0.15;0.045936781;(0,0.1];3
seas6mo;0.04;0.15;0.025811097;(0,0.1];4
seas6mo;0.04;0.15;0.039489532;(0,0.1];5
seas6mo;0.04;0.15;0.073500228;(0,0.1];6
seas6mo;0.04;0.15;0.111450212;(0.1,0.2];7
seas6mo;0.04;0.15;0.011692414;(0,0.1];8
seas6mo;0.04;0.15;0.06180147;(0,0.1];9
seas6mo;0.04;0.15;0.107423068;(0.1,0.2];10
seas4mo;0.04;0.25;0.248771587;(0.2,0.3];1
seas4mo;0.04;0.25;0.302737302;(0.2,0.3];2
seas4mo;0.04;0.25;0.247896455;(0.2,0.3];3
seas4mo;0.04;0.25;0.289583109;(0.2,0.3];4
seas4mo;0.04;0.25;0.246979727;(0.2,0.3];5
seas4mo;0.04;0.25;0.230362588;(0.2,0.3];6
seas4mo;0.04;0.25;0.274682183;(0.2,0.3];7
seas4mo;0.04;0.25;0.191361153;(0.1,0.2];8
seas4mo;0.04;0.25;0.294566402;(0.2,0.3];9
seas4mo;0.04;0.25;0.323302784;(0.3,0.4];10
seas9mo;0.04;0.25;0.107723703;(0.1,0.2];1
seas9mo;0.04;0.25;0.077795702;(0,0.1];2
seas9mo;0.04;0.25;0.055872593;(0,0.1];3
seas9mo;0.04;0.25;0.043348979;(0,0.1];4
seas9mo;0.04;0.25;0.060295765;(0,0.1];5
seas9mo;0.04;0.25;0.101154113;(0,0.1];6
seas9mo;0.04;0.25;0.129008834;(0.1,0.2];7
seas9mo;0.04;0.25;0.055439574;(0,0.1];8
seas9mo;0.04;0.25;0.04471011;(0,0.1];9
seas9mo;0.04;0.25;0.119233883;(0.1,0.2];10
seas6mo;0.0972;0.25;0.084186295;(0,0.1];1
seas6mo;0.0972;0.25;0.050812361;(0,0.1];2
seas6mo;0.0972;0.25;0.067473522;(0,0.1];3
seas6mo;0.0972;0.25;0.058403726;(0,0.1];4
seas6mo;0.0972;0.25;0.080252431;(0,0.1];5
seas6mo;0.0972;0.25;0.074379722;(0,0.1];6
seas6mo;0.0972;0.25;0.080502368;(0,0.1];7
seas6mo;0.0972;0.25;0.05834453;(0,0.1];8
seas6mo;0.0972;0.25;0.044867894;(0,0.1];9
seas6mo;0.0972;0.25;0.050236913;(0,0.1];10
seas5mo;0.2412;0.25;0.146671588;(0.1,0.2];1
seas5mo;0.2412;0.25;0;NA;2
seas5mo;0.2412;0.25;0.059673621;(0,0.1];3
seas5mo;0.2412;0.25;0.03921817;(0,0.1];4
seas5mo;0.2412;0.25;0.008067277;(0,0.1];5
seas5mo;0.2412;0.25;0.069199145;(0,0.1];6
seas5mo;0.2412;0.25;0.067584553;(0,0.1];7
seas5mo;0.2412;0.25;0.083527786;(0,0.1];8
seas5mo;0.2412;0.25;0;NA;9
seas5mo;0.2412;0.25;0.005711857;(0,0.1];10
seas5mo;0.04;0.35;0.219427533;(0.2,0.3];1
seas5mo;0.04;0.35;0.122047715;(0.1,0.2];2
seas5mo;0.04;0.35;0.13942469;(0.1,0.2];3
seas5mo;0.04;0.35;0.126107817;(0.1,0.2];4
seas5mo;0.04;0.35;0.154472053;(0.1,0.2];5
seas5mo;0.04;0.35;0.158678771;(0.1,0.2];6
seas5mo;0.04;0.35;0.156290421;(0.1,0.2];7
seas5mo;0.04;0.35;0.195979147;(0.1,0.2];8
seas5mo;0.04;0.35;0.177922279;(0.1,0.2];9
seas5mo;0.04;0.35;0.141426638;(0.1,0.2];10
seas9mo;0.0972;0.35;0.031237923;(0,0.1];1
seas9mo;0.0972;0.35;0.022263667;(0,0.1];2
seas9mo;0.0972;0.35;0.040052922;(0,0.1];3
seas9mo;0.0972;0.35;0.052911821;(0,0.1];4
seas9mo;0.0972;0.35;0.101056308;(0,0.1];5
seas9mo;0.0972;0.35;0.124118975;(0.1,0.2];6
seas9mo;0.0972;0.35;0.040416683;(0,0.1];7
seas9mo;0.0972;0.35;0.029270092;(0,0.1];8
seas9mo;0.0972;0.35;0.013109804;(0,0.1];9
seas9mo;0.0972;0.35;0.035371259;(0,0.1];10
seas3mo;0.04;0.4;0.342099657;(0.3,0.4];1
seas3mo;0.04;0.4;0.213416652;(0.2,0.3];2
seas3mo;0.04;0.4;0.287854885;(0.2,0.3];3
seas3mo;0.04;0.4;0.296814554;(0.2,0.3];4
seas3mo;0.04;0.4;0.264371425;(0.2,0.3];5
seas3mo;0.04;0.4;0.273540509;(0.2,0.3];6
seas3mo;0.04;0.4;0.367861167;(0.3,0.4];7
seas3mo;0.04;0.4;0.340050018;(0.3,0.4];8
seas3mo;0.04;0.4;0.295212917;(0.2,0.3];9
seas3mo;0.04;0.4;0.284445675;(0.2,0.3];10
seas6mo;0.04;0.4;0.17074276;(0.1,0.2];1
seas6mo;0.04;0.4;0.108746802;(0.1,0.2];2
seas6mo;0.04;0.4;0.170523873;(0.1,0.2];3
seas6mo;0.04;0.4;0.126887879;(0.1,0.2];4
seas6mo;0.04;0.4;0.150199852;(0.1,0.2];5
seas6mo;0.04;0.4;0.170002995;(0.1,0.2];6
seas6mo;0.04;0.4;0.126197881;(0.1,0.2];7
seas6mo;0.04;0.4;0.150461551;(0.1,0.2];8
seas6mo;0.04;0.4;0.128572707;(0.1,0.2];9
seas6mo;0.04;0.4;0.150151934;(0.1,0.2];10
seas9mo;0.04;0.5;0.125298996;(0.1,0.2];1
seas9mo;0.04;0.5;0.114085961;(0.1,0.2];2
seas9mo;0.04;0.5;0.184943272;(0.1,0.2];3
seas9mo;0.04;0.5;0.157401879;(0.1,0.2];4
seas9mo;0.04;0.5;0.134943424;(0.1,0.2];5
seas9mo;0.04;0.5;0.18752443;(0.1,0.2];6
seas9mo;0.04;0.5;0.132968452;(0.1,0.2];7
seas9mo;0.04;0.5;0.136014538;(0.1,0.2];8
seas9mo;0.04;0.5;0.186093622;(0.1,0.2];9
seas9mo;0.04;0.5;0.144713248;(0.1,0.2];10
seas5mo;0.0972;0.5;0.138949138;(0.1,0.2];1
seas5mo;0.0972;0.5;0.136070457;(0.1,0.2];2
seas5mo;0.0972;0.5;0.090519791;(0,0.1];3
seas5mo;0.0972;0.5;0.160842465;(0.1,0.2];4
seas5mo;0.0972;0.5;0.130199021;(0.1,0.2];5
seas5mo;0.0972;0.5;0.114227837;(0.1,0.2];6
seas5mo;0.0972;0.5;0.164028659;(0.1,0.2];7
seas5mo;0.0972;0.5;0.199118418;(0.1,0.2];8
seas5mo;0.0972;0.5;0.125819163;(0.1,0.2];9
seas5mo;0.0972;0.5;0.083432258;(0,0.1];10
seas6mo;0.2412;0.5;0.087568978;(0,0.1];1
seas6mo;0.2412;0.5;0.041379801;(0,0.1];2
seas6mo;0.2412;0.5;0.026171719;(0,0.1];3
seas6mo;0.2412;0.5;0.052855001;(0,0.1];4
seas6mo;0.2412;0.5;0.018140216;(0,0.1];5
seas6mo;0.2412;0.5;0.033738923;(0,0.1];6
seas6mo;0.2412;0.5;0.048374364;(0,0.1];7
seas6mo;0.2412;0.5;0.025769802;(0,0.1];8
seas6mo;0.2412;0.5;0.015637567;(0,0.1];9
seas6mo;0.2412;0.5;0.056681675;(0,0.1];10
seas6mo;0.0972;0.6;0.158057332;(0.1,0.2];1
seas6mo;0.0972;0.6;0.136797832;(0.1,0.2];2
seas6mo;0.0972;0.6;0.175850647;(0.1,0.2];3
seas6mo;0.0972;0.6;0.112560092;(0.1,0.2];4
seas6mo;0.0972;0.6;0.141328607;(0.1,0.2];5
seas6mo;0.0972;0.6;0.158554712;(0.1,0.2];6
seas6mo;0.0972;0.6;0.154128414;(0.1,0.2];7
seas6mo;0.0972;0.6;0.166681876;(0.1,0.2];8
seas6mo;0.0972;0.6;0.160048609;(0.1,0.2];9
seas6mo;0.0972;0.6;0.17452236;(0.1,0.2];10
seas5mo;0.04;0.7;0.260775552;(0.2,0.3];1
seas5mo;0.04;0.7;0.211155027;(0.2,0.3];2
seas5mo;0.04;0.7;0.270789668;(0.2,0.3];3
seas5mo;0.04;0.7;0.264359273;(0.2,0.3];4
seas5mo;0.04;0.7;0.246904178;(0.2,0.3];5
seas5mo;0.04;0.7;0.21554162;(0.2,0.3];6
seas5mo;0.04;0.7;0.225037635;(0.2,0.3];7
seas5mo;0.04;0.7;0.227593818;(0.2,0.3];8
seas5mo;0.04;0.7;0.293264583;(0.2,0.3];9
seas5mo;0.04;0.7;0.225546626;(0.2,0.3];10
seas4mo;0.0972;0.7;0.297981696;(0.2,0.3];1
seas4mo;0.0972;0.7;0.256222709;(0.2,0.3];2
seas4mo;0.0972;0.7;0.236108751;(0.2,0.3];3
seas4mo;0.0972;0.7;0.276913268;(0.2,0.3];4
seas4mo;0.0972;0.7;0.254006389;(0.2,0.3];5
seas4mo;0.0972;0.7;0.286340506;(0.2,0.3];6
seas4mo;0.0972;0.7;0.290192602;(0.2,0.3];7
seas4mo;0.0972;0.7;0.286275891;(0.2,0.3];8
seas4mo;0.0972;0.7;0.2466743;(0.2,0.3];9
seas4mo;0.0972;0.7;0.276013688;(0.2,0.3];10
seas4mo;0.04;0.75;0.329904411;(0.3,0.4];1
seas4mo;0.04;0.75;0.371665794;(0.3,0.4];2
seas4mo;0.04;0.75;0.381933689;(0.3,0.4];3
seas4mo;0.04;0.75;0.361276965;(0.3,0.4];4
seas4mo;0.04;0.75;0.35627989;(0.3,0.4];5
seas4mo;0.04;0.75;0.338753035;(0.3,0.4];6
seas4mo;0.04;0.75;0.384985367;(0.3,0.4];7
seas4mo;0.04;0.75;0.390214491;(0.3,0.4];8
seas4mo;0.04;0.75;0.255178173;(0.2,0.3];9
seas4mo;0.04;0.75;0.340244231;(0.3,0.4];10
seas6mo;0.04;0.75;0.246601316;(0.2,0.3];1
seas6mo;0.04;0.75;0.239106795;(0.2,0.3];2
seas6mo;0.04;0.75;0.24883674;(0.2,0.3];3
seas6mo;0.04;0.75;0.267329351;(0.2,0.3];4
seas6mo;0.04;0.75;0.29743088;(0.2,0.3];5
seas6mo;0.04;0.75;0.250019629;(0.2,0.3];6
seas6mo;0.04;0.75;0.244164095;(0.2,0.3];7
seas6mo;0.04;0.75;0.24433561;(0.2,0.3];8
seas6mo;0.04;0.75;0.247415646;(0.2,0.3];9
seas6mo;0.04;0.75;0.237060496;(0.2,0.3];10
seas9mo;0.0972;0.75;0.147466779;(0.1,0.2];1
seas9mo;0.0972;0.75;0.134942374;(0.1,0.2];2
seas9mo;0.0972;0.75;0.140940646;(0.1,0.2];3
seas9mo;0.0972;0.75;0.185506261;(0.1,0.2];4
seas9mo;0.0972;0.75;0.130927702;(0.1,0.2];5
seas9mo;0.0972;0.75;0.161760352;(0.1,0.2];6
seas9mo;0.0972;0.75;0.149290687;(0.1,0.2];7
seas9mo;0.0972;0.75;0.172865252;(0.1,0.2];8
seas9mo;0.0972;0.75;0.123386517;(0.1,0.2];9
seas9mo;0.0972;0.75;0.196844471;(0.1,0.2];10
seas9mo;0.2412;0.78;0.074106882;(0,0.1];1
seas9mo;0.2412;0.78;0.076726611;(0,0.1];2
seas9mo;0.2412;0.78;0.072617287;(0,0.1];3
seas9mo;0.2412;0.78;0.09051576;(0,0.1];4
seas9mo;0.2412;0.78;0.099676304;(0,0.1];5
seas9mo;0.2412;0.78;0.099181668;(0,0.1];6
seas9mo;0.2412;0.78;0.082850533;(0,0.1];7
seas9mo;0.2412;0.78;0.047379632;(0,0.1];8
seas9mo;0.2412;0.78;0.079601284;(0,0.1];9
seas9mo;0.2412;0.78;0.061367895;(0,0.1];10
seas9mo;0.04;0.8;0.226468292;(0.2,0.3];1
seas9mo;0.04;0.8;0.217586104;(0.2,0.3];2
seas9mo;0.04;0.8;0.241159348;(0.2,0.3];3
seas9mo;0.04;0.8;0.268252769;(0.2,0.3];4
seas9mo;0.04;0.8;0.2797272;(0.2,0.3];5
seas9mo;0.04;0.8;0.268092306;(0.2,0.3];6
seas9mo;0.04;0.8;0.252658858;(0.2,0.3];7
seas9mo;0.04;0.8;0.25928664;(0.2,0.3];8
seas9mo;0.04;0.8;0.238197441;(0.2,0.3];9
seas9mo;0.04;0.8;0.269784968;(0.2,0.3];10
seas9mo;0.2412;0.8;0.074877851;(0,0.1];1
seas9mo;0.2412;0.8;0.069133097;(0,0.1];2
seas9mo;0.2412;0.8;0.086443368;(0,0.1];3
seas9mo;0.2412;0.8;0.084245784;(0,0.1];4
seas9mo;0.2412;0.8;0.059734783;(0,0.1];5
seas9mo;0.2412;0.8;0.073904114;(0,0.1];6
seas9mo;0.2412;0.8;0.073065248;(0,0.1];7
seas9mo;0.2412;0.8;0.040598285;(0,0.1];8
seas9mo;0.2412;0.8;0.095841806;(0,0.1];9
seas9mo;0.2412;0.8;0.061911514;(0,0.1];10
seas3mo;0.04;1;0.397895699;(0.3,0.4];1
seas3mo;0.04;1;0.371495964;(0.3,0.4];2
seas3mo;0.04;1;0.403499837;(0.3,0.4];3
seas3mo;0.04;1;0.396655776;(0.3,0.4];4
seas3mo;0.04;1;0.41341479;(0.4,0.5];5
seas3mo;0.04;1;0.411168536;(0.4,0.5];6
seas3mo;0.04;1;0.38489462;(0.3,0.4];7
seas3mo;0.04;1;0.390664856;(0.3,0.4];8
seas3mo;0.04;1;0.376347501;(0.3,0.4];9
seas3mo;0.04;1;0.408038846;(0.4,0.5];10
seas4mo;0.04;1;0.404976118;(0.3,0.4];1
seas4mo;0.04;1;0.412791963;(0.4,0.5];2
seas4mo;0.04;1;0.422561875;(0.4,0.5];3
seas4mo;0.04;1;0.379140946;(0.3,0.4];4
seas4mo;0.04;1;0.444368025;(0.4,0.5];5
seas4mo;0.04;1;0.405179979;(0.4,0.5];6
seas4mo;0.04;1;0.377969028;(0.3,0.4];7
seas4mo;0.04;1;0.390260315;(0.3,0.4];8
seas4mo;0.04;1;0.396269653;(0.3,0.4];9
seas4mo;0.04;1;0.376823816;(0.3,0.4];10
seas3mo;0.0972;1;0.324981583;(0.3,0.4];1
seas3mo;0.0972;1;0.267385521;(0.2,0.3];2
seas3mo;0.0972;1;0.332160685;(0.3,0.4];3
seas3mo;0.0972;1;0.32820828;(0.3,0.4];4
seas3mo;0.0972;1;0.287715714;(0.2,0.3];5
seas3mo;0.0972;1;0.296131758;(0.2,0.3];6
seas3mo;0.0972;1;0.305341465;(0.3,0.4];7
seas3mo;0.0972;1;0.290880019;(0.2,0.3];8
seas3mo;0.0972;1;0.299830033;(0.2,0.3];9
seas3mo;0.0972;1;0.318672269;(0.3,0.4];10
seas4mo;0.0972;1;0.319966167;(0.3,0.4];1
seas4mo;0.0972;1;0.303143405;(0.2,0.3];2
seas4mo;0.0972;1;0.320459923;(0.3,0.4];3
seas4mo;0.0972;1;0.301848027;(0.2,0.3];4
seas4mo;0.0972;1;0.338013489;(0.3,0.4];5
seas4mo;0.0972;1;0.322639182;(0.3,0.4];6
seas4mo;0.0972;1;0.336119504;(0.3,0.4];7
seas4mo;0.0972;1;0.310623221;(0.3,0.4];8
seas4mo;0.0972;1;0.321210631;(0.3,0.4];9
seas4mo;0.0972;1;0.301960938;(0.2,0.3];10
seas6mo;0.0972;1;0.219976371;(0.2,0.3];1
seas6mo;0.0972;1;0.208882198;(0.2,0.3];2
seas6mo;0.0972;1;0.231084041;(0.2,0.3];3
seas6mo;0.0972;1;0.241833656;(0.2,0.3];4
seas6mo;0.0972;1;0.23945318;(0.2,0.3];5
seas6mo;0.0972;1;0.242440821;(0.2,0.3];6
seas6mo;0.0972;1;0.24612645;(0.2,0.3];7
seas6mo;0.0972;1;0.265683226;(0.2,0.3];8
seas6mo;0.0972;1;0.248686271;(0.2,0.3];9
seas6mo;0.0972;1;0.23662893;(0.2,0.3];10
seas3mo;0.2412;1;0.232729559;(0.2,0.3];1
seas3mo;0.2412;1;0.200159939;(0.1,0.2];2
seas3mo;0.2412;1;0.204920159;(0.1,0.2];3
seas3mo;0.2412;1;0.1951965;(0.1,0.2];4
seas3mo;0.2412;1;0.222960922;(0.2,0.3];5
seas3mo;0.2412;1;0.211232401;(0.2,0.3];6
seas3mo;0.2412;1;0.226694831;(0.2,0.3];7
seas3mo;0.2412;1;0.220147904;(0.2,0.3];8
seas3mo;0.2412;1;0.238413422;(0.2,0.3];9
seas3mo;0.2412;1;0.226383996;(0.2,0.3];10
seas4mo;0.2412;1;0.228129342;(0.2,0.3];1
seas4mo;0.2412;1;0.193313459;(0.1,0.2];2
seas4mo;0.2412;1;0.224854272;(0.2,0.3];3
seas4mo;0.2412;1;0.194166227;(0.1,0.2];4
seas4mo;0.2412;1;0.191027466;(0.1,0.2];5
seas4mo;0.2412;1;0.189270845;(0.1,0.2];6
seas4mo;0.2412;1;0.153647686;(0.1,0.2];7
seas4mo;0.2412;1;0.205616902;(0.2,0.3];8
seas4mo;0.2412;1;0.213408158;(0.2,0.3];9
seas4mo;0.2412;1;0.197622502;(0.1,0.2];10
seas5mo;0.2412;1;0.149341387;(0.1,0.2];1
seas5mo;0.2412;1;0.136044249;(0.1,0.2];2
seas5mo;0.2412;1;0.143681212;(0.1,0.2];3
seas5mo;0.2412;1;0.11448048;(0.1,0.2];4
seas5mo;0.2412;1;0.130382444;(0.1,0.2];5
seas5mo;0.2412;1;0.093599449;(0,0.1];6
seas5mo;0.2412;1;0.168491834;(0.1,0.2];7
seas5mo;0.2412;1;0.140456869;(0.1,0.2];8
seas5mo;0.2412;1;0.130098404;(0.1,0.2];9
seas5mo;0.2412;1;0.10216116;(0,0.1];10
seas5mo;0.04;1.1;0.336353436;(0.3,0.4];1
seas5mo;0.04;1.1;0.314388761;(0.3,0.4];2
seas5mo;0.04;1.1;0.351820684;(0.3,0.4];3
seas5mo;0.04;1.1;0.358228198;(0.3,0.4];4
seas5mo;0.04;1.1;0.364339965;(0.3,0.4];5
seas5mo;0.04;1.1;0.340303533;(0.3,0.4];6
seas5mo;0.04;1.1;0.349607286;(0.3,0.4];7
seas5mo;0.04;1.1;0.357695689;(0.3,0.4];8
seas5mo;0.04;1.1;0.35612786;(0.3,0.4];9
seas5mo;0.04;1.1;0.343659741;(0.3,0.4];10
seas5mo;0.0972;1.1;0.231594228;(0.2,0.3];1
seas5mo;0.0972;1.1;0.231619505;(0.2,0.3];2
seas5mo;0.0972;1.1;0.296513572;(0.2,0.3];3
seas5mo;0.0972;1.1;0.270222367;(0.2,0.3];4
seas5mo;0.0972;1.1;0.266895308;(0.2,0.3];5
seas5mo;0.0972;1.1;0.26753191;(0.2,0.3];6
seas5mo;0.0972;1.1;0.252351292;(0.2,0.3];7
seas5mo;0.0972;1.1;0.255485268;(0.2,0.3];8
seas5mo;0.0972;1.1;0.253857798;(0.2,0.3];9
seas5mo;0.0972;1.1;0.241842691;(0.2,0.3];10
seas6mo;0.2412;1.1;0.129516027;(0.1,0.2];1
seas6mo;0.2412;1.1;0.138123508;(0.1,0.2];2
seas6mo;0.2412;1.1;0.150546456;(0.1,0.2];3
seas6mo;0.2412;1.1;0.124277323;(0.1,0.2];4
seas6mo;0.2412;1.1;0.161939163;(0.1,0.2];5
seas6mo;0.2412;1.1;0.124884035;(0.1,0.2];6
seas6mo;0.2412;1.1;0.142630585;(0.1,0.2];7
seas6mo;0.2412;1.1;0.156902855;(0.1,0.2];8
seas6mo;0.2412;1.1;0.129485012;(0.1,0.2];9
seas6mo;0.2412;1.1;0.142348672;(0.1,0.2];10
seas9mo;0.0972;1.15;0.248574741;(0.2,0.3];1
seas9mo;0.0972;1.15;0.215633906;(0.2,0.3];2
seas9mo;0.0972;1.15;0.24341013;(0.2,0.3];3
seas9mo;0.0972;1.15;0.243095863;(0.2,0.3];4
seas9mo;0.0972;1.15;0.255842868;(0.2,0.3];5
seas9mo;0.0972;1.15;0.280696762;(0.2,0.3];6
seas9mo;0.0972;1.15;0.265714935;(0.2,0.3];7
seas9mo;0.0972;1.15;0.256207822;(0.2,0.3];8
seas9mo;0.0972;1.15;0.266926963;(0.2,0.3];9
seas9mo;0.0972;1.15;0.274561175;(0.2,0.3];10
seas9mo;0.2412;1.15;0.112983682;(0.1,0.2];1
seas9mo;0.2412;1.15;0.116569398;(0.1,0.2];2
seas9mo;0.2412;1.15;0.119841524;(0.1,0.2];3
seas9mo;0.2412;1.15;0.151981877;(0.1,0.2];4
seas9mo;0.2412;1.15;0.139057992;(0.1,0.2];5
seas9mo;0.2412;1.15;0.131153918;(0.1,0.2];6
seas9mo;0.2412;1.15;0.154726736;(0.1,0.2];7
seas9mo;0.2412;1.15;0.120358939;(0.1,0.2];8
seas9mo;0.2412;1.15;0.141227296;(0.1,0.2];9
seas9mo;0.2412;1.15;0.139557083;(0.1,0.2];10
seas6mo;0.04;1.2;0.368040144;(0.3,0.4];1
seas6mo;0.04;1.2;0.349695941;(0.3,0.4];2
seas6mo;0.04;1.2;0.370047329;(0.3,0.4];3
seas6mo;0.04;1.2;0.380708627;(0.3,0.4];4
seas6mo;0.04;1.2;0.407416986;(0.4,0.5];5
seas6mo;0.04;1.2;0.369996614;(0.3,0.4];6
seas6mo;0.04;1.2;0.373338295;(0.3,0.4];7
seas6mo;0.04;1.2;0.398258364;(0.3,0.4];8
seas6mo;0.04;1.2;0.384704856;(0.3,0.4];9
seas6mo;0.04;1.2;0.334738721;(0.3,0.4];10
seas9mo;0.04;1.2;0.333490437;(0.3,0.4];1
seas9mo;0.04;1.2;0.353188743;(0.3,0.4];2
seas9mo;0.04;1.2;0.350194793;(0.3,0.4];3
seas9mo;0.04;1.2;0.355042694;(0.3,0.4];4
seas9mo;0.04;1.2;0.356563637;(0.3,0.4];5
seas9mo;0.04;1.2;0.36085204;(0.3,0.4];6
seas9mo;0.04;1.2;0.37121182;(0.3,0.4];7
seas9mo;0.04;1.2;0.355848024;(0.3,0.4];8
seas9mo;0.04;1.2;0.350828693;(0.3,0.4];9
seas9mo;0.04;1.2;0.367105098;(0.3,0.4];10
seas4mo;0.0972;1.4;0.359623062;(0.3,0.4];1
seas4mo;0.0972;1.4;0.367412047;(0.3,0.4];2
seas4mo;0.0972;1.4;0.36329033;(0.3,0.4];3
seas4mo;0.0972;1.4;0.355562025;(0.3,0.4];4
seas4mo;0.0972;1.4;0.35478387;(0.3,0.4];5
seas4mo;0.0972;1.4;0.351620714;(0.3,0.4];6
seas4mo;0.0972;1.4;0.38803366;(0.3,0.4];7
seas4mo;0.0972;1.4;0.355661872;(0.3,0.4];8
seas4mo;0.0972;1.4;0.375444229;(0.3,0.4];9
seas4mo;0.0972;1.4;0.364190897;(0.3,0.4];10
seas3mo;0.04;1.5;0.498477585;(0.4,0.5];1
seas3mo;0.04;1.5;0.459772474;(0.4,0.5];2
seas3mo;0.04;1.5;0.470844253;(0.4,0.5];3
seas3mo;0.04;1.5;0.461940516;(0.4,0.5];4
seas3mo;0.04;1.5;0.46632154;(0.4,0.5];5
seas3mo;0.04;1.5;0.457213358;(0.4,0.5];6
seas3mo;0.04;1.5;0.457138003;(0.4,0.5];7
seas3mo;0.04;1.5;0.469281402;(0.4,0.5];8
seas3mo;0.04;1.5;0.473957413;(0.4,0.5];9
seas3mo;0.04;1.5;0.451258069;(0.4,0.5];10
seas4mo;0.04;1.5;0.498996769;(0.4,0.5];1
seas4mo;0.04;1.5;0.467652643;(0.4,0.5];2
seas4mo;0.04;1.5;0.42345817;(0.4,0.5];3
seas4mo;0.04;1.5;0.509210515;(0.5,0.6];4
seas4mo;0.04;1.5;0.489164357;(0.4,0.5];5
seas4mo;0.04;1.5;0.459015282;(0.4,0.5];6
seas4mo;0.04;1.5;0.490390231;(0.4,0.5];7
seas4mo;0.04;1.5;0.512486854;(0.5,0.6];8
seas4mo;0.04;1.5;0.477830255;(0.4,0.5];9
seas4mo;0.04;1.5;0.50331199;(0.4,0.5];10
seas3mo;0.0972;1.5;0.360625416;(0.3,0.4];1
seas3mo;0.0972;1.5;0.330806449;(0.3,0.4];2
seas3mo;0.0972;1.5;0.361245076;(0.3,0.4];3
seas3mo;0.0972;1.5;0.344215843;(0.3,0.4];4
seas3mo;0.0972;1.5;0.350201965;(0.3,0.4];5
seas3mo;0.0972;1.5;0.358300819;(0.3,0.4];6
seas3mo;0.0972;1.5;0.35981768;(0.3,0.4];7
seas3mo;0.0972;1.5;0.381028734;(0.3,0.4];8
seas3mo;0.0972;1.5;0.352711249;(0.3,0.4];9
seas3mo;0.0972;1.5;0.332111947;(0.3,0.4];10
seas4mo;0.0972;1.5;0.400701243;(0.3,0.4];1
seas4mo;0.0972;1.5;0.379963491;(0.3,0.4];2
seas4mo;0.0972;1.5;0.332342144;(0.3,0.4];3
seas4mo;0.0972;1.5;0.358411273;(0.3,0.4];4
seas4mo;0.0972;1.5;0.385756885;(0.3,0.4];5
seas4mo;0.0972;1.5;0.367698089;(0.3,0.4];6
seas4mo;0.0972;1.5;0.384116337;(0.3,0.4];7
seas4mo;0.0972;1.5;0.367978876;(0.3,0.4];8
seas4mo;0.0972;1.5;0.392629601;(0.3,0.4];9
seas4mo;0.0972;1.5;0.380778251;(0.3,0.4];10
seas3mo;0.2412;1.5;0.239200697;(0.2,0.3];1
seas3mo;0.2412;1.5;0.202693333;(0.1,0.2];2
seas3mo;0.2412;1.5;0.246776542;(0.2,0.3];3
seas3mo;0.2412;1.5;0.233444358;(0.2,0.3];4
seas3mo;0.2412;1.5;0.249019543;(0.2,0.3];5
seas3mo;0.2412;1.5;0.229761761;(0.2,0.3];6
seas3mo;0.2412;1.5;0.238717928;(0.2,0.3];7
seas3mo;0.2412;1.5;0.260846358;(0.2,0.3];8
seas3mo;0.2412;1.5;0.223857561;(0.2,0.3];9
seas3mo;0.2412;1.5;0.205975287;(0.2,0.3];10
seas4mo;0.2412;1.5;0.259485417;(0.2,0.3];1
seas4mo;0.2412;1.5;0.227549456;(0.2,0.3];2
seas4mo;0.2412;1.5;0.233262824;(0.2,0.3];3
seas4mo;0.2412;1.5;0.245853322;(0.2,0.3];4
seas4mo;0.2412;1.5;0.24475744;(0.2,0.3];5
seas4mo;0.2412;1.5;0.246182707;(0.2,0.3];6
seas4mo;0.2412;1.5;0.254825702;(0.2,0.3];7
seas4mo;0.2412;1.5;0.25909851;(0.2,0.3];8
seas4mo;0.2412;1.5;0.254464033;(0.2,0.3];9
seas4mo;0.2412;1.5;0.202994844;(0.1,0.2];10
seas9mo;0.04;1.6;0.413409422;(0.4,0.5];1
seas9mo;0.04;1.6;0.39440876;(0.3,0.4];2
seas9mo;0.04;1.6;0.447347315;(0.4,0.5];3
seas9mo;0.04;1.6;0.432553392;(0.4,0.5];4
seas9mo;0.04;1.6;0.412721015;(0.4,0.5];5
seas9mo;0.04;1.6;0.424756428;(0.4,0.5];6
seas9mo;0.04;1.6;0.445954934;(0.4,0.5];7
seas9mo;0.04;1.6;0.430753315;(0.4,0.5];8
seas9mo;0.04;1.6;0.430975293;(0.4,0.5];9
seas9mo;0.04;1.6;0.454472728;(0.4,0.5];10
seas6mo;0.0972;1.6;0.351684616;(0.3,0.4];1
seas6mo;0.0972;1.6;0.327044975;(0.3,0.4];2
seas6mo;0.0972;1.6;0.345305159;(0.3,0.4];3
seas6mo;0.0972;1.6;0.340529802;(0.3,0.4];4
seas6mo;0.0972;1.6;0.364638266;(0.3,0.4];5
seas6mo;0.0972;1.6;0.342783817;(0.3,0.4];6
seas6mo;0.0972;1.6;0.351449713;(0.3,0.4];7
seas6mo;0.0972;1.6;0.35599191;(0.3,0.4];8
seas6mo;0.0972;1.6;0.343749038;(0.3,0.4];9
seas6mo;0.0972;1.6;0.344157896;(0.3,0.4];10
seas6mo;0.04;1.65;0.460020057;(0.4,0.5];1
seas6mo;0.04;1.65;0.443724475;(0.4,0.5];2
seas6mo;0.04;1.65;0.473308817;(0.4,0.5];3
seas6mo;0.04;1.65;0.457732579;(0.4,0.5];4
seas6mo;0.04;1.65;0.473577964;(0.4,0.5];5
seas6mo;0.04;1.65;0.444408185;(0.4,0.5];6
seas6mo;0.04;1.65;0.464567925;(0.4,0.5];7
seas6mo;0.04;1.65;0.441688546;(0.4,0.5];8
seas6mo;0.04;1.65;0.457125346;(0.4,0.5];9
seas6mo;0.04;1.65;0.453938415;(0.4,0.5];10
seas9mo;0.0972;1.65;0.314808851;(0.3,0.4];1
seas9mo;0.0972;1.65;0.307798125;(0.3,0.4];2
seas9mo;0.0972;1.65;0.315663721;(0.3,0.4];3
seas9mo;0.0972;1.65;0.360080155;(0.3,0.4];4
seas9mo;0.0972;1.65;0.343813755;(0.3,0.4];5
seas9mo;0.0972;1.65;0.338323899;(0.3,0.4];6
seas9mo;0.0972;1.65;0.352352736;(0.3,0.4];7
seas9mo;0.0972;1.65;0.331120852;(0.3,0.4];8
seas9mo;0.0972;1.65;0.33886964;(0.3,0.4];9
seas9mo;0.0972;1.65;0.343124044;(0.3,0.4];10
seas5mo;0.04;1.75;0.440381939;(0.4,0.5];1
seas5mo;0.04;1.75;0.436954441;(0.4,0.5];2
seas5mo;0.04;1.75;0.47826607;(0.4,0.5];3
seas5mo;0.04;1.75;0.44627685;(0.4,0.5];4
seas5mo;0.04;1.75;0.478837372;(0.4,0.5];5
seas5mo;0.04;1.75;0.455271424;(0.4,0.5];6
seas5mo;0.04;1.75;0.452876019;(0.4,0.5];7
seas5mo;0.04;1.75;0.491765563;(0.4,0.5];8
seas5mo;0.04;1.75;0.456942017;(0.4,0.5];9
seas5mo;0.04;1.75;0.454971747;(0.4,0.5];10
seas5mo;0.0972;1.75;0.355129623;(0.3,0.4];1
seas5mo;0.0972;1.75;0.35699697;(0.3,0.4];2
seas5mo;0.0972;1.75;0.370871571;(0.3,0.4];3
seas5mo;0.0972;1.75;0.34318416;(0.3,0.4];4
seas5mo;0.0972;1.75;0.364349483;(0.3,0.4];5
seas5mo;0.0972;1.75;0.357449547;(0.3,0.4];6
seas5mo;0.0972;1.75;0.367966805;(0.3,0.4];7
seas5mo;0.0972;1.75;0.365768638;(0.3,0.4];8
seas5mo;0.0972;1.75;0.363584062;(0.3,0.4];9
seas5mo;0.0972;1.75;0.357912739;(0.3,0.4];10
seas9mo;0.2412;1.8;0.220540232;(0.2,0.3];1
seas9mo;0.2412;1.8;0.243265345;(0.2,0.3];2
seas9mo;0.2412;1.8;0.226327851;(0.2,0.3];3
seas9mo;0.2412;1.8;0.245033774;(0.2,0.3];4
seas9mo;0.2412;1.8;0.250585132;(0.2,0.3];5
seas9mo;0.2412;1.8;0.246629125;(0.2,0.3];6
seas9mo;0.2412;1.8;0.263563956;(0.2,0.3];7
seas9mo;0.2412;1.8;0.239062632;(0.2,0.3];8
seas9mo;0.2412;1.8;0.239764202;(0.2,0.3];9
seas9mo;0.2412;1.8;0.230905671;(0.2,0.3];10
seas3mo;0.04;2;0.541686476;(0.5,0.6];1
seas3mo;0.04;2;0.497189503;(0.4,0.5];2
seas3mo;0.04;2;0.52546299;(0.5,0.6];3
seas3mo;0.04;2;0.504428228;(0.4,0.5];4
seas3mo;0.04;2;0.533219979;(0.5,0.6];5
seas3mo;0.04;2;0.511953136;(0.5,0.6];6
seas3mo;0.04;2;0.492980864;(0.4,0.5];7
seas3mo;0.04;2;0.52128924;(0.5,0.6];8
seas3mo;0.04;2;0.530049262;(0.5,0.6];9
seas3mo;0.04;2;0.53828448;(0.5,0.6];10
seas4mo;0.04;2;0.539887522;(0.5,0.6];1
seas4mo;0.04;2;0.490747142;(0.4,0.5];2
seas4mo;0.04;2;0.506363389;(0.5,0.6];3
seas4mo;0.04;2;0.519739929;(0.5,0.6];4
seas4mo;0.04;2;0.511797023;(0.5,0.6];5
seas4mo;0.04;2;0.546731317;(0.5,0.6];6
seas4mo;0.04;2;0.505862964;(0.5,0.6];7
seas4mo;0.04;2;0.514236385;(0.5,0.6];8
seas4mo;0.04;2;0.500435655;(0.4,0.5];9
seas4mo;0.04;2;0.554523182;(0.5,0.6];10
seas3mo;0.0972;2;0.383165944;(0.3,0.4];1
seas3mo;0.0972;2;0.396189898;(0.3,0.4];2
seas3mo;0.0972;2;0.408642695;(0.4,0.5];3
seas3mo;0.0972;2;0.395847832;(0.3,0.4];4
seas3mo;0.0972;2;0.413471514;(0.4,0.5];5
seas3mo;0.0972;2;0.397143047;(0.3,0.4];6
seas3mo;0.0972;2;0.412301629;(0.4,0.5];7
seas3mo;0.0972;2;0.402788648;(0.3,0.4];8
seas3mo;0.0972;2;0.403170952;(0.3,0.4];9
seas3mo;0.0972;2;0.408984183;(0.4,0.5];10
seas4mo;0.0972;2;0.417836655;(0.4,0.5];1
seas4mo;0.0972;2;0.398979752;(0.3,0.4];2
seas4mo;0.0972;2;0.435383044;(0.4,0.5];3
seas4mo;0.0972;2;0.413750482;(0.4,0.5];4
seas4mo;0.0972;2;0.393653323;(0.3,0.4];5
seas4mo;0.0972;2;0.397624073;(0.3,0.4];6
seas4mo;0.0972;2;0.43497957;(0.4,0.5];7
seas4mo;0.0972;2;0.436013637;(0.4,0.5];8
seas4mo;0.0972;2;0.404697224;(0.3,0.4];9
seas4mo;0.0972;2;0.367121714;(0.3,0.4];10
seas3mo;0.2412;2;0.278015827;(0.2,0.3];1
seas3mo;0.2412;2;0.232091604;(0.2,0.3];2
seas3mo;0.2412;2;0.256846839;(0.2,0.3];3
seas3mo;0.2412;2;0.233324746;(0.2,0.3];4
seas3mo;0.2412;2;0.266144821;(0.2,0.3];5
seas3mo;0.2412;2;0.257647384;(0.2,0.3];6
seas3mo;0.2412;2;0.255789124;(0.2,0.3];7
seas3mo;0.2412;2;0.270973485;(0.2,0.3];8
seas3mo;0.2412;2;0.236890523;(0.2,0.3];9
seas3mo;0.2412;2;0.236552804;(0.2,0.3];10
seas4mo;0.2412;2;0.296699492;(0.2,0.3];1
seas4mo;0.2412;2;0.258519865;(0.2,0.3];2
seas4mo;0.2412;2;0.265712479;(0.2,0.3];3
seas4mo;0.2412;2;0.308239793;(0.3,0.4];4
seas4mo;0.2412;2;0.27282415;(0.2,0.3];5
seas4mo;0.2412;2;0.289364451;(0.2,0.3];6
seas4mo;0.2412;2;0.276668095;(0.2,0.3];7
seas4mo;0.2412;2;0.299109334;(0.2,0.3];8
seas4mo;0.2412;2;0.269798587;(0.2,0.3];9
seas4mo;0.2412;2;0.284864258;(0.2,0.3];10
seas5mo;0.2412;2;0.257941043;(0.2,0.3];1
seas5mo;0.2412;2;0.223975123;(0.2,0.3];2
seas5mo;0.2412;2;0.256767401;(0.2,0.3];3
seas5mo;0.2412;2;0.256149213;(0.2,0.3];4
seas5mo;0.2412;2;0.254118689;(0.2,0.3];5
seas5mo;0.2412;2;0.259474479;(0.2,0.3];6
seas5mo;0.2412;2;0.267736733;(0.2,0.3];7
seas5mo;0.2412;2;0.243667168;(0.2,0.3];8
seas5mo;0.2412;2;0.24623512;(0.2,0.3];9
seas5mo;0.2412;2;0.224271959;(0.2,0.3];10
seas6mo;0.2412;2;0.252525112;(0.2,0.3];1
seas6mo;0.2412;2;0.247128635;(0.2,0.3];2
seas6mo;0.2412;2;0.282728921;(0.2,0.3];3
seas6mo;0.2412;2;0.268282968;(0.2,0.3];4
seas6mo;0.2412;2;0.24305613;(0.2,0.3];5
seas6mo;0.2412;2;0.270921913;(0.2,0.3];6
seas6mo;0.2412;2;0.289507817;(0.2,0.3];7
seas6mo;0.2412;2;0.263117233;(0.2,0.3];8
seas6mo;0.2412;2;0.249121813;(0.2,0.3];9
seas6mo;0.2412;2;0.270011681;(0.2,0.3];10
seas5mo;0.04;2.2;0.530934426;(0.5,0.6];1
seas5mo;0.04;2.2;0.527990304;(0.5,0.6];2
seas5mo;0.04;2.2;0.531823878;(0.5,0.6];3
seas5mo;0.04;2.2;0.517406768;(0.5,0.6];4
seas5mo;0.04;2.2;0.536626325;(0.5,0.6];5
seas5mo;0.04;2.2;0.519314977;(0.5,0.6];6
seas5mo;0.04;2.2;0.526410488;(0.5,0.6];7
seas5mo;0.04;2.2;0.549585129;(0.5,0.6];8
seas5mo;0.04;2.2;0.534265921;(0.5,0.6];9
seas5mo;0.04;2.2;0.533922919;(0.5,0.6];10
seas6mo;0.04;2.25;0.537728419;(0.5,0.6];1
seas6mo;0.04;2.25;0.538818381;(0.5,0.6];2
seas6mo;0.04;2.25;0.551636604;(0.5,0.6];3
seas6mo;0.04;2.25;0.552789055;(0.5,0.6];4
seas6mo;0.04;2.25;0.569813011;(0.5,0.6];5
seas6mo;0.04;2.25;0.545147614;(0.5,0.6];6
seas6mo;0.04;2.25;0.555725077;(0.5,0.6];7
seas6mo;0.04;2.25;0.55429776;(0.5,0.6];8
seas6mo;0.04;2.25;0.553006857;(0.5,0.6];9
seas6mo;0.04;2.25;0.569423448;(0.5,0.6];10
seas6mo;0.0972;2.25;0.427916214;(0.4,0.5];1
seas6mo;0.0972;2.25;0.426796789;(0.4,0.5];2
seas6mo;0.0972;2.25;0.457239264;(0.4,0.5];3
seas6mo;0.0972;2.25;0.43932415;(0.4,0.5];4
seas6mo;0.0972;2.25;0.441085207;(0.4,0.5];5
seas6mo;0.0972;2.25;0.451744662;(0.4,0.5];6
seas6mo;0.0972;2.25;0.461857297;(0.4,0.5];7
seas6mo;0.0972;2.25;0.444849067;(0.4,0.5];8
seas6mo;0.0972;2.25;0.440583628;(0.4,0.5];9
seas6mo;0.0972;2.25;0.459687751;(0.4,0.5];10
seas9mo;0.04;2.35;0.532990223;(0.5,0.6];1
seas9mo;0.04;2.35;0.541621062;(0.5,0.6];2
seas9mo;0.04;2.35;0.543401633;(0.5,0.6];3
seas9mo;0.04;2.35;0.578046224;(0.5,0.6];4
seas9mo;0.04;2.35;0.562358111;(0.5,0.6];5
seas9mo;0.04;2.35;0.56812092;(0.5,0.6];6
seas9mo;0.04;2.35;0.562684259;(0.5,0.6];7
seas9mo;0.04;2.35;0.563628301;(0.5,0.6];8
seas9mo;0.04;2.35;0.557097911;(0.5,0.6];9
seas9mo;0.04;2.35;0.561816391;(0.5,0.6];10
seas3mo;0.04;2.5;0.55803338;(0.5,0.6];1
seas3mo;0.04;2.5;0.548427421;(0.5,0.6];2
seas3mo;0.04;2.5;0.568986359;(0.5,0.6];3
seas3mo;0.04;2.5;0.548327673;(0.5,0.6];4
seas3mo;0.04;2.5;0.576887828;(0.5,0.6];5
seas3mo;0.04;2.5;0.572827555;(0.5,0.6];6
seas3mo;0.04;2.5;0.557225593;(0.5,0.6];7
seas3mo;0.04;2.5;0.573644349;(0.5,0.6];8
seas3mo;0.04;2.5;0.562134907;(0.5,0.6];9
seas3mo;0.04;2.5;0.573159406;(0.5,0.6];10
seas9mo;0.0972;2.5;0.473248334;(0.4,0.5];1
seas9mo;0.0972;2.5;0.456068951;(0.4,0.5];2
seas9mo;0.0972;2.5;0.454387792;(0.4,0.5];3
seas9mo;0.0972;2.5;0.463890972;(0.4,0.5];4
seas9mo;0.0972;2.5;0.473255505;(0.4,0.5];5
seas9mo;0.0972;2.5;0.4784739;(0.4,0.5];6
seas9mo;0.0972;2.5;0.469820671;(0.4,0.5];7
seas9mo;0.0972;2.5;0.466796748;(0.4,0.5];8
seas9mo;0.0972;2.5;0.472878393;(0.4,0.5];9
seas9mo;0.0972;2.5;0.479208964;(0.4,0.5];10
seas5mo;0.0972;2.6;0.467424353;(0.4,0.5];1
seas5mo;0.0972;2.6;0.455751921;(0.4,0.5];2
seas5mo;0.0972;2.6;0.472164921;(0.4,0.5];3
seas5mo;0.0972;2.6;0.454061687;(0.4,0.5];4
seas5mo;0.0972;2.6;0.458257738;(0.4,0.5];5
seas5mo;0.0972;2.6;0.465633261;(0.4,0.5];6
seas5mo;0.0972;2.6;0.478400927;(0.4,0.5];7
seas5mo;0.0972;2.6;0.475635062;(0.4,0.5];8
seas5mo;0.0972;2.6;0.458937025;(0.4,0.5];9
seas5mo;0.0972;2.6;0.458630562;(0.4,0.5];10
seas4mo;0.04;3;0.60647389;(0.6,0.7];1
seas4mo;0.04;3;0.58229657;(0.5,0.6];2
seas4mo;0.04;3;0.607460006;(0.6,0.7];3
seas4mo;0.04;3;0.623937358;(0.6,0.7];4
seas4mo;0.04;3;0.617645408;(0.6,0.7];5
seas4mo;0.04;3;0.616403991;(0.6,0.7];6
seas4mo;0.04;3;0.600114784;(0.5,0.6];7
seas4mo;0.04;3;0.607046677;(0.6,0.7];8
seas4mo;0.04;3;0.598001398;(0.5,0.6];9
seas4mo;0.04;3;0.6031266;(0.5,0.6];10
seas4mo;0.0972;3;0.507067222;(0.5,0.6];1
seas4mo;0.0972;3;0.462116062;(0.4,0.5];2
seas4mo;0.0972;3;0.503399688;(0.4,0.5];3
seas4mo;0.0972;3;0.465932433;(0.4,0.5];4
seas4mo;0.0972;3;0.486146512;(0.4,0.5];5
seas4mo;0.0972;3;0.470867952;(0.4,0.5];6
seas4mo;0.0972;3;0.485082832;(0.4,0.5];7
seas4mo;0.0972;3;0.522145071;(0.5,0.6];8
seas4mo;0.0972;3;0.470873835;(0.4,0.5];9
seas4mo;0.0972;3;0.488924079;(0.4,0.5];10
seas6mo;0.2412;3;0.351169086;(0.3,0.4];1
seas6mo;0.2412;3;0.346333739;(0.3,0.4];2
seas6mo;0.2412;3;0.366899166;(0.3,0.4];3
seas6mo;0.2412;3;0.352788326;(0.3,0.4];4
seas6mo;0.2412;3;0.362393213;(0.3,0.4];5
seas6mo;0.2412;3;0.348463373;(0.3,0.4];6
seas6mo;0.2412;3;0.358719472;(0.3,0.4];7
seas6mo;0.2412;3;0.358730441;(0.3,0.4];8
seas6mo;0.2412;3;0.355545886;(0.3,0.4];9
seas6mo;0.2412;3;0.358090075;(0.3,0.4];10
seas9mo;0.2412;3;0.351632062;(0.3,0.4];1
seas9mo;0.2412;3;0.34078388;(0.3,0.4];2
seas9mo;0.2412;3;0.357002565;(0.3,0.4];3
seas9mo;0.2412;3;0.372116659;(0.3,0.4];4
seas9mo;0.2412;3;0.365561869;(0.3,0.4];5
seas9mo;0.2412;3;0.385973334;(0.3,0.4];6
seas9mo;0.2412;3;0.373709172;(0.3,0.4];7
seas9mo;0.2412;3;0.372429688;(0.3,0.4];8
seas9mo;0.2412;3;0.365788674;(0.3,0.4];9
seas9mo;0.2412;3;0.369825888;(0.3,0.4];10
seas5mo;0.2412;3.2;0.359345509;(0.3,0.4];1
seas5mo;0.2412;3.2;0.335209732;(0.3,0.4];2
seas5mo;0.2412;3.2;0.367872664;(0.3,0.4];3
seas5mo;0.2412;3.2;0.332015256;(0.3,0.4];4
seas5mo;0.2412;3.2;0.360424819;(0.3,0.4];5
seas5mo;0.2412;3.2;0.361773801;(0.3,0.4];6
seas5mo;0.2412;3.2;0.36713616;(0.3,0.4];7
seas5mo;0.2412;3.2;0.356442548;(0.3,0.4];8
seas5mo;0.2412;3.2;0.359591189;(0.3,0.4];9
seas5mo;0.2412;3.2;0.347985125;(0.3,0.4];10
seas6mo;0.0972;3.25;0.551357014;(0.5,0.6];1
seas6mo;0.0972;3.25;0.544474902;(0.5,0.6];2
seas6mo;0.0972;3.25;0.554084382;(0.5,0.6];3
seas6mo;0.0972;3.25;0.521102164;(0.5,0.6];4
seas6mo;0.0972;3.25;0.560087947;(0.5,0.6];5
seas6mo;0.0972;3.25;0.545738527;(0.5,0.6];6
seas6mo;0.0972;3.25;0.560158976;(0.5,0.6];7
seas6mo;0.0972;3.25;0.544568572;(0.5,0.6];8
seas6mo;0.0972;3.25;0.544951036;(0.5,0.6];9
seas6mo;0.0972;3.25;0.554548794;(0.5,0.6];10
seas9mo;0.0972;3.25;0.543231915;(0.5,0.6];1
seas9mo;0.0972;3.25;0.547741975;(0.5,0.6];2
seas9mo;0.0972;3.25;0.547041338;(0.5,0.6];3
seas9mo;0.0972;3.25;0.55706923;(0.5,0.6];4
seas9mo;0.0972;3.25;0.552942929;(0.5,0.6];5
seas9mo;0.0972;3.25;0.548645852;(0.5,0.6];6
seas9mo;0.0972;3.25;0.566179872;(0.5,0.6];7
seas9mo;0.0972;3.25;0.553798514;(0.5,0.6];8
seas9mo;0.0972;3.25;0.544470547;(0.5,0.6];9
seas9mo;0.0972;3.25;0.549248347;(0.5,0.6];10
seas4mo;0.2412;3.5;0.357952638;(0.3,0.4];1
seas4mo;0.2412;3.5;0.371510128;(0.3,0.4];2
seas4mo;0.2412;3.5;0.377455028;(0.3,0.4];3
seas4mo;0.2412;3.5;0.334356853;(0.3,0.4];4
seas4mo;0.2412;3.5;0.35810867;(0.3,0.4];5
seas4mo;0.2412;3.5;0.354710601;(0.3,0.4];6
seas4mo;0.2412;3.5;0.362641628;(0.3,0.4];7
seas4mo;0.2412;3.5;0.353412848;(0.3,0.4];8
seas4mo;0.2412;3.5;0.35554561;(0.3,0.4];9
seas4mo;0.2412;3.5;0.339819616;(0.3,0.4];10
seas5mo;0.0972;3.75;0.575228602;(0.5,0.6];1
seas5mo;0.0972;3.75;0.553407104;(0.5,0.6];2
seas5mo;0.0972;3.75;0.574298721;(0.5,0.6];3
seas5mo;0.0972;3.75;0.54779362;(0.5,0.6];4
seas5mo;0.0972;3.75;0.574440449;(0.5,0.6];5
seas5mo;0.0972;3.75;0.561744957;(0.5,0.6];6
seas5mo;0.0972;3.75;0.574861941;(0.5,0.6];7
seas5mo;0.0972;3.75;0.56179327;(0.5,0.6];8
seas5mo;0.0972;3.75;0.561370924;(0.5,0.6];9
seas5mo;0.0972;3.75;0.552049085;(0.5,0.6];10
seas6mo;0.2412;4;0.429172791;(0.4,0.5];1
seas6mo;0.2412;4;0.433069592;(0.4,0.5];2
seas6mo;0.2412;4;0.45059428;(0.4,0.5];3
seas6mo;0.2412;4;0.413394213;(0.4,0.5];4
seas6mo;0.2412;4;0.456587731;(0.4,0.5];5
seas6mo;0.2412;4;0.440034666;(0.4,0.5];6
seas6mo;0.2412;4;0.460956542;(0.4,0.5];7
seas6mo;0.2412;4;0.446966006;(0.4,0.5];8
seas6mo;0.2412;4;0.438917527;(0.4,0.5];9
seas6mo;0.2412;4;0.424252854;(0.4,0.5];10
seas9mo;0.2412;4;0.453758908;(0.4,0.5];1
seas9mo;0.2412;4;0.430393545;(0.4,0.5];2
seas9mo;0.2412;4;0.433050869;(0.4,0.5];3
seas9mo;0.2412;4;0.457481162;(0.4,0.5];4
seas9mo;0.2412;4;0.455721797;(0.4,0.5];5
seas9mo;0.2412;4;0.461242989;(0.4,0.5];6
seas9mo;0.2412;4;0.472454617;(0.4,0.5];7
seas9mo;0.2412;4;0.456399199;(0.4,0.5];8
seas9mo;0.2412;4;0.450973211;(0.4,0.5];9
seas9mo;0.2412;4;0.451258497;(0.4,0.5];10
seas3mo;0.2412;4.75;0.373627052;(0.3,0.4];1
seas3mo;0.2412;4.75;0.375531056;(0.3,0.4];2
seas3mo;0.2412;4.75;0.39375746;(0.3,0.4];3
seas3mo;0.2412;4.75;0.374302456;(0.3,0.4];4
seas3mo;0.2412;4.75;0.394130763;(0.3,0.4];5
seas3mo;0.2412;4.75;0.378117669;(0.3,0.4];6
seas3mo;0.2412;4.75;0.391622615;(0.3,0.4];7
seas3mo;0.2412;4.75;0.387228321;(0.3,0.4];8
seas3mo;0.2412;4.75;0.384304855;(0.3,0.4];9
seas3mo;0.2412;4.75;0.383376935;(0.3,0.4];10
seas5mo;0.2412;5;0.466511709;(0.4,0.5];1
seas5mo;0.2412;5;0.456928272;(0.4,0.5];2
seas5mo;0.2412;5;0.483746231;(0.4,0.5];3
seas5mo;0.2412;5;0.448676962;(0.4,0.5];4
seas5mo;0.2412;5;0.476327899;(0.4,0.5];5
seas5mo;0.2412;5;0.465382938;(0.4,0.5];6
seas5mo;0.2412;5;0.480876386;(0.4,0.5];7
seas5mo;0.2412;5;0.469204424;(0.4,0.5];8
seas5mo;0.2412;5;0.470734256;(0.4,0.5];9
seas5mo;0.2412;5;0.456667055;(0.4,0.5];10
seas9mo;0.2412;5.3;0.539725158;(0.5,0.6];1
seas9mo;0.2412;5.3;0.521008145;(0.5,0.6];2
seas9mo;0.2412;5.3;0.538005729;(0.5,0.6];3
seas9mo;0.2412;5.3;0.546884713;(0.5,0.6];4
seas9mo;0.2412;5.3;0.544121791;(0.5,0.6];5
seas9mo;0.2412;5.3;0.544475099;(0.5,0.6];6
seas9mo;0.2412;5.3;0.543777224;(0.5,0.6];7
seas9mo;0.2412;5.3;0.548291292;(0.5,0.6];8
seas9mo;0.2412;5.3;0.547714298;(0.5,0.6];9
seas9mo;0.2412;5.3;0.538767349;(0.5,0.6];10
seas4mo;0.0972;6;0.569301209;(0.5,0.6];1
seas4mo;0.0972;6;0.573995066;(0.5,0.6];2
seas4mo;0.0972;6;0.568793876;(0.5,0.6];3
seas4mo;0.0972;6;0.568192112;(0.5,0.6];4
seas4mo;0.0972;6;0.578501204;(0.5,0.6];5
seas4mo;0.0972;6;0.569666481;(0.5,0.6];6
seas4mo;0.0972;6;0.582771415;(0.5,0.6];7
seas4mo;0.0972;6;0.569782319;(0.5,0.6];8
seas4mo;0.0972;6;0.589812005;(0.5,0.6];9
seas4mo;0.0972;6;0.579132109;(0.5,0.6];10
seas6mo;0.2412;6.5;0.526755121;(0.5,0.6];1
seas6mo;0.2412;6.5;0.524728764;(0.5,0.6];2
seas6mo;0.2412;6.5;0.583280192;(0.5,0.6];3
seas6mo;0.2412;6.5;0.532065333;(0.5,0.6];4
seas6mo;0.2412;6.5;0.584806389;(0.5,0.6];5
seas6mo;0.2412;6.5;0.545205779;(0.5,0.6];6
seas6mo;0.2412;6.5;0.538653454;(0.5,0.6];7
seas6mo;0.2412;6.5;0.534361722;(0.5,0.6];8
seas6mo;0.2412;6.5;0.574021189;(0.5,0.6];9
seas6mo;0.2412;6.5;0.565589864;(0.5,0.6];10
seas3mo;0.0972;7;0.554036764;(0.5,0.6];1
seas3mo;0.0972;7;0.544531927;(0.5,0.6];2
seas3mo;0.0972;7;0.541800496;(0.5,0.6];3
seas3mo;0.0972;7;0.565176621;(0.5,0.6];4
seas3mo;0.0972;7;0.563244524;(0.5,0.6];5
seas3mo;0.0972;7;0.566306719;(0.5,0.6];6
seas3mo;0.0972;7;0.578544885;(0.5,0.6];7
seas3mo;0.0972;7;0.543145557;(0.5,0.6];8
seas3mo;0.0972;7;0.555893185;(0.5,0.6];9
seas3mo;0.0972;7;0.56534949;(0.5,0.6];10
seas4mo;0.2412;7;0.42708118;(0.4,0.5];1
seas4mo;0.2412;7;0.424853444;(0.4,0.5];2
seas4mo;0.2412;7;0.426660454;(0.4,0.5];3
seas4mo;0.2412;7;0.422567749;(0.4,0.5];4
seas4mo;0.2412;7;0.437294883;(0.4,0.5];5
seas4mo;0.2412;7;0.425407251;(0.4,0.5];6
seas4mo;0.2412;7;0.450338803;(0.4,0.5];7
seas4mo;0.2412;7;0.433132675;(0.4,0.5];8
seas4mo;0.2412;7;0.436475684;(0.4,0.5];9
seas4mo;0.2412;7;0.436981371;(0.4,0.5];10
seas5mo;0.2412;8;0.535791128;(0.5,0.6];1
seas5mo;0.2412;8;0.536646003;(0.5,0.6];2
seas5mo;0.2412;8;0.540503967;(0.5,0.6];3
seas5mo;0.2412;8;0.542536256;(0.5,0.6];4
seas5mo;0.2412;8;0.5452133;(0.5,0.6];5
seas5mo;0.2412;8;0.548980901;(0.5,0.6];6
seas5mo;0.2412;8;0.547425122;(0.5,0.6];7
seas5mo;0.2412;8;0.541682908;(0.5,0.6];8
seas5mo;0.2412;8;0.552741757;(0.5,0.6];9
seas5mo;0.2412;8;0.548057361;(0.5,0.6];10
seas3mo;0.2412;10;0.453746204;(0.4,0.5];1
seas3mo;0.2412;10;0.450787488;(0.4,0.5];2
seas3mo;0.2412;10;0.454459308;(0.4,0.5];3
seas3mo;0.2412;10;0.453375446;(0.4,0.5];4
seas3mo;0.2412;10;0.452892802;(0.4,0.5];5
seas3mo;0.2412;10;0.450963849;(0.4,0.5];6
seas3mo;0.2412;10;0.467823414;(0.4,0.5];7
seas3mo;0.2412;10;0.463083254;(0.4,0.5];8
seas3mo;0.2412;10;0.451455977;(0.4,0.5];9
seas3mo;0.2412;10;0.464619769;(0.4,0.5];10
seas4mo;0.2412;12;0.571641001;(0.5,0.6];1
seas4mo;0.2412;12;0.560347082;(0.5,0.6];2
seas4mo;0.2412;12;0.568039297;(0.5,0.6];3
seas4mo;0.2412;12;0.561152146;(0.5,0.6];4
seas4mo;0.2412;12;0.564073736;(0.5,0.6];5
seas4mo;0.2412;12;0.561955121;(0.5,0.6];6
seas4mo;0.2412;12;0.582175139;(0.5,0.6];7
seas4mo;0.2412;12;0.561201101;(0.5,0.6];8
seas4mo;0.2412;12;0.578795504;(0.5,0.6];9
seas4mo;0.2412;12;0.576393288;(0.5,0.6];10
seas3mo;0.2412;14;0.53331443;(0.5,0.6];1
seas3mo;0.2412;14;0.521146207;(0.5,0.6];2
seas3mo;0.2412;14;0.529891057;(0.5,0.6];3
seas3mo;0.2412;14;0.539822168;(0.5,0.6];4
seas3mo;0.2412;14;0.534141606;(0.5,0.6];5
seas3mo;0.2412;14;0.543980054;(0.5,0.6];6
seas3mo;0.2412;14;0.548513319;(0.5,0.6];7
seas3mo;0.2412;14;0.540853621;(0.5,0.6];8
seas3mo;0.2412;14;0.534514158;(0.5,0.6];9
seas3mo;0.2412;14;0.544019507;(0.5,0.6];10
